Name,Kingdom,Phylum,Class,Order,Family,Genus,Species
ASV2010,Fungi,Ascomycota,Saccharomycetes,Saccharomycetales,Debaryomycetaceae,Debaryomyces,
ASV2011,Fungi,Basidiomycota,Cystobasidiomycetes,Cystobasidiomycetes_ord_Incertae_sedis,Symmetrosporaceae,Symmetrospora,foliicola
ASV2012,Fungi,Ascomycota,Eurotiomycetes,Eurotiales,Aspergillaceae,Aspergillus,versicolor
ASV2013,Fungi,Basidiomycota,Cystobasidiomycetes,Cystobasidiomycetes_ord_Incertae_sedis,Symmetrosporaceae,Symmetrospora,foliicola
ASV2014,Fungi,Ascomycota,Dothideomycetes,Capnodiales,Cladosporiaceae,Cladosporium,halotolerans
ASV2015,Fungi,Ascomycota,Dothideomycetes,Capnodiales,Cladosporiaceae,Cladosporium,basi-inflatum
ASV2016,Fungi,Ascomycota,Sordariomycetes,Hypocreales,Nectriaceae,Fusarium,equiseti
ASV2017,Fungi,Ascomycota,Eurotiomycetes,Eurotiales,Aspergillaceae,Aspergillus,versicolor
ASV2018,Fungi,Ascomycota,Dothideomycetes,Capnodiales,Cladosporiaceae,Cladosporium,basi-inflatum
ASV2019,Fungi,Basidiomycota,Agaricomycetes,Hymenochaetales,Schizoporaceae,,
ASV2020,Fungi,Ascomycota,Sordariomycetes,Hypocreales,Nectriaceae,Fusarium,fujikuroi
ASV2021,Fungi,Ascomycota,Dothideomycetes,Capnodiales,Cladosporiaceae,Cladosporium,sphaerospermum
ASV2022,Fungi,Ascomycota,Saccharomycetes,Saccharomycetales,Saccharomycetaceae,Saccharomyces,cerevisiae
ASV2023,Fungi,Basidiomycota,Agaricomycetes,Russulales,Wrightoporiaceae,Wrightoporia,austrosinensis
ASV2024,Fungi,Ascomycota,Dothideomycetes,Pleosporales,Pleosporaceae,Alternaria,rosae
ASV2025,Fungi,Ascomycota,Dothideomycetes,Capnodiales,Cladosporiaceae,Cladosporium,sphaerospermum
ASV2026,Fungi,Ascomycota,Sordariomycetes,Hypocreales,Nectriaceae,Fusarium,graminearum
ASV2027,Fungi,Ascomycota,Saccharomycetes,Saccharomycetales,Debaryomycetaceae,Debaryomyces,
ASV2028,Fungi,Basidiomycota,Cystobasidiomycetes,Cystobasidiomycetes_ord_Incertae_sedis,Symmetrosporaceae,Symmetrospora,foliicola
ASV2029,Fungi,Ascomycota,Saccharomycetes,Saccharomycetales,Debaryomycetaceae,Debaryomyces,
ASV2030,Fungi,Ascomycota,Saccharomycetes,Saccharomycetales,Debaryomycetaceae,Debaryomyces,
ASV2031,Fungi,Basidiomycota,Cystobasidiomycetes,Cystobasidiomycetes_ord_Incertae_sedis,Symmetrosporaceae,Symmetrospora,foliicola
ASV2032,Fungi,Ascomycota,Saccharomycetes,Saccharomycetales,Debaryomycetaceae,Debaryomyces,
ASV2033,Fungi,Basidiomycota,Cystobasidiomycetes,Cystobasidiomycetes_ord_Incertae_sedis,Symmetrosporaceae,Symmetrospora,foliicola
ASV2034,Fungi,Ascomycota,Saccharomycetes,Saccharomycetales,Debaryomycetaceae,Debaryomyces,
ASV2035,Fungi,Ascomycota,Saccharomycetes,Saccharomycetales,Debaryomycetaceae,Debaryomyces,
ASV2036,Fungi,Ascomycota,Saccharomycetes,Saccharomycetales,Debaryomycetaceae,Debaryomyces,
ASV2037,Fungi,Ascomycota,Saccharomycetes,Saccharomycetales,Debaryomycetaceae,Debaryomyces,
ASV2038,Fungi,Ascomycota,Saccharomycetes,Saccharomycetales,Debaryomycetaceae,Debaryomyces,
ASV2039,Fungi,Ascomycota,Saccharomycetes,Saccharomycetales,Debaryomycetaceae,Debaryomyces,
ASV2040,Fungi,Ascomycota,Saccharomycetes,Saccharomycetales,Debaryomycetaceae,Debaryomyces,
ASV2041,Fungi,Ascomycota,Saccharomycetes,Saccharomycetales,Debaryomycetaceae,Debaryomyces,
ASV2042,Fungi,Ascomycota,Saccharomycetes,Saccharomycetales,Debaryomycetaceae,Debaryomyces,
ASV2043,Fungi,Ascomycota,Saccharomycetes,Saccharomycetales,Debaryomycetaceae,Debaryomyces,
ASV2044,Fungi,Basidiomycota,Cystobasidiomycetes,Cystobasidiomycetes_ord_Incertae_sedis,Symmetrosporaceae,Symmetrospora,foliicola
ASV2045,Fungi,Ascomycota,Sordariomycetes,Hypocreales,Nectriaceae,Fusarium,graminearum
ASV2046,Fungi,Ascomycota,Saccharomycetes,Saccharomycetales,Debaryomycetaceae,Debaryomyces,
ASV2047,Fungi,Ascomycota,Saccharomycetes,Saccharomycetales,Debaryomycetaceae,Debaryomyces,
ASV2048,Fungi,Basidiomycota,Cystobasidiomycetes,Cystobasidiomycetes_ord_Incertae_sedis,Symmetrosporaceae,Symmetrospora,foliicola
ASV2049,Fungi,Ascomycota,Eurotiomycetes,Eurotiales,Aspergillaceae,Aspergillus,penicillioides
ASV2050,Fungi,Basidiomycota,Cystobasidiomycetes,Cystobasidiomycetes_ord_Incertae_sedis,Symmetrosporaceae,Symmetrospora,foliicola
ASV2051,Fungi,Ascomycota,Sordariomycetes,Hypocreales,Nectriaceae,Fusarium,graminearum
ASV2052,Fungi,Basidiomycota,Cystobasidiomycetes,Cystobasidiomycetes_ord_Incertae_sedis,Symmetrosporaceae,Symmetrospora,foliicola
ASV2053,Fungi,Ascomycota,Dothideomycetes,Capnodiales,Cladosporiaceae,Cladosporium,basi-inflatum
ASV2054,Fungi,Ascomycota,Saccharomycetes,Saccharomycetales,Saccharomycetales_fam_Incertae_sedis,Candida,parapsilosis
ASV2055,Fungi,Basidiomycota,Cystobasidiomycetes,Cystobasidiomycetes_ord_Incertae_sedis,Symmetrosporaceae,Symmetrospora,foliicola
ASV2056,Fungi,Basidiomycota,Tremellomycetes,Filobasidiales,Filobasidiaceae,Filobasidium,magnum
ASV2057,Fungi,Ascomycota,Dothideomycetes,Capnodiales,Cladosporiaceae,Cladosporium,sphaerospermum
