Name,Kingdom,Phylum,Class,Order,Family,Genus,Species
ASV1,Fungi,Basidiomycota,Agaricomycetes,Russulales,Stereaceae,Stereum,NA
ASV2,Fungi,Basidiomycota,Agaricomycetes,Cantharellales,Hydnaceae,Sistotrema,brinkmannii
ASV3,Fungi,Ascomycota,Saccharomycetes,Saccharomycetales,Debaryomycetaceae,Debaryomyces,NA
ASV4,Fungi,Ascomycota,Saccharomycetes,Saccharomycetales,Saccharomycetales_fam_Incertae_sedis,Candida,tropicalis
ASV5,Fungi,Ascomycota,Eurotiomycetes,Eurotiales,Aspergillaceae,Aspergillus,versicolor
ASV6,Fungi,Ascomycota,Eurotiomycetes,Eurotiales,Aspergillaceae,Aspergillus,NA
ASV8,Fungi,Ascomycota,Eurotiomycetes,Eurotiales,Aspergillaceae,Aspergillus,versicolor
ASV9,Fungi,Ascomycota,Dothideomycetes,Mycosphaerellales,Mycosphaerellaceae,Zasmidium,NA
ASV10,Fungi,Basidiomycota,Agaricomycetes,Agaricales,Tricholomataceae,Resupinatus,NA
ASV11,Fungi,Ascomycota,Eurotiomycetes,Eurotiales,Aspergillaceae,Aspergillus,versicolor
ASV12,Fungi,Ascomycota,Dothideomycetes,Mycosphaerellales,Mycosphaerellaceae,Acrodontium,neolitseae
ASV13,Fungi,Ascomycota,Saccharomycetes,Saccharomycetales,Saccharomycetaceae,Saccharomyces,cerevisiae
ASV14,Fungi,Ascomycota,Sordariomycetes,Xylariales,Hypoxylaceae,Hypoxylon,macrocarpum
ASV15,Fungi,Mortierellomycota,Mortierellomycetes,Mortierellales,Mortierellaceae,Linnemannia,gamsii
ASV17,Fungi,Basidiomycota,Agaricomycetes,Agaricales,Lycoperdaceae,Lycoperdon,echinatum
ASV18,Fungi,Ascomycota,Dothideomycetes,Capnodiales,Cladosporiaceae,Cladosporium,basi-inflatum
ASV20,Fungi,Ascomycota,Saccharomycetes,Saccharomycetales,Saccharomycetaceae,Saccharomyces,cerevisiae
ASV21,Fungi,Basidiomycota,Microbotryomycetes,Leucosporidiales,Leucosporidiaceae,Leucosporidium,NA
ASV23,Fungi,Ascomycota,Lecanoromycetes,Ostropales,Stictidaceae,Cyanodermella,NA
ASV24,Fungi,Basidiomycota,Tremellomycetes,Filobasidiales,Filobasidiaceae,Naganishia,diffluens
ASV25,Fungi,Ascomycota,Saccharomycetes,Saccharomycetales,Debaryomycetaceae,Meyerozyma,guilliermondii
ASV26,Fungi,Basidiomycota,Agaricomycetes,Hymenochaetales,Schizoporaceae,Oxyporus,NA
ASV27,Fungi,Basidiomycota,Agaricomycetes,Polyporales,Polyporaceae,Trametes,versicolor
ASV28,Fungi,Basidiomycota,Agaricomycetes,Agaricales,Psathyrellaceae,Coprinellus,ovatus
ASV29,Fungi,Ascomycota,Dothideomycetes,Pleosporales,Didymosphaeriaceae,Montagnula,chromolaenicola
ASV30,Fungi,Ascomycota,Sordariomycetes,Hypocreales,Hypocreaceae,Trichoderma,citrinoviride
ASV31,Fungi,Ascomycota,Dothideomycetes,Mycosphaerellales,Teratosphaeriaceae,Penidiella,ellipsoidea
ASV32,Fungi,Glomeromycota,Glomeromycetes,Glomerales,Claroideoglomeraceae,Claroideoglomus,NA
ASV35,Fungi,Ascomycota,Saccharomycetes,Saccharomycetales,Saccharomycetales_fam_Incertae_sedis,Candida,saitoana
ASV36,Fungi,Ascomycota,Leotiomycetes,Helotiales,Helotiales_fam_Incertae_sedis,Xenochalara,NA
ASV37,Fungi,Ascomycota,Sordariomycetes,Xylariales,Xylariaceae,Ascotricha,NA
ASV38,Fungi,Basidiomycota,Agaricomycetes,Agaricales,Psathyrellaceae,Coprinopsis,undulata
ASV39,Fungi,Basidiomycota,Agaricomycetes,Agaricales,NA,NA,NA
ASV40,Fungi,Ascomycota,Leotiomycetes,Helotiales,Helotiaceae,Crocicreas,NA
ASV41,Fungi,Ascomycota,Sordariomycetes,Xylariales,Xylariaceae,Ascotricha,chartarum
ASV42,Fungi,Basidiomycota,Agaricomycetes,Cantharellales,Hydnaceae,Sistotrema,brinkmannii
ASV43,Fungi,Basidiomycota,Agaricomycetes,Corticiales,Corticiaceae,Limonomyces,roseipellis
ASV44,Fungi,Ascomycota,Saccharomycetes,Saccharomycetales,Saccharomycetaceae,Saccharomyces,cerevisiae
ASV46,Fungi,Basidiomycota,Agaricomycetes,Cantharellales,Ceratobasidiaceae,Ceratobasidiaceae_gen_Incertae_sedis,NA
ASV47,Fungi,Basidiomycota,Tremellomycetes,Filobasidiales,Filobasidiaceae,Naganishia,diffluens
ASV48,Fungi,Ascomycota,Saccharomycetes,Saccharomycetales,Pichiaceae,Pichia,holstii
ASV49,Fungi,Ascomycota,Sordariomycetes,Hypocreales,Hypocreales_fam_Incertae_sedis,Acremonium,pilosum
ASV50,Fungi,Ascomycota,Eurotiomycetes,Eurotiales,Aspergillaceae,Aspergillus,ruber
ASV53,Fungi,Ascomycota,Saccharomycetes,Saccharomycetales,Saccharomycetales_fam_Incertae_sedis,Candida,odintsovae
ASV54,Fungi,Basidiomycota,Tremellomycetes,Cystofilobasidiales,Cystofilobasidiaceae,Cystofilobasidium,NA
ASV55,Fungi,Basidiomycota,Agaricomycetes,Cantharellales,Hydnaceae,Sistotrema,brinkmannii
ASV57,Fungi,Basidiomycota,Tremellomycetes,Filobasidiales,Piskurozymaceae,Solicoccozyma,aeria
ASV59,Fungi,Basidiomycota,Agaricomycetes,Cantharellales,Hydnaceae,Sistotrema,NA
ASV60,Fungi,Ascomycota,Sordariomycetes,Hypocreales,Stachybotryaceae,Stachybotrys,chartarum
ASV61,Fungi,Basidiomycota,Agaricomycetes,Cantharellales,Hydnaceae,Sistotrema,brinkmannii
ASV62,Fungi,Ascomycota,NA,NA,NA,NA,NA
ASV66,Fungi,Mortierellomycota,Mortierellomycetes,Mortierellales,Mortierellaceae,NA,NA
ASV67,Fungi,Ascomycota,Sordariomycetes,Hypocreales,Hypocreales_fam_Incertae_sedis,Acremonium,pilosum
ASV68,Fungi,Basidiomycota,Agaricomycetes,Polyporales,Irpicaceae,Irpex,hydnoides
ASV69,Fungi,Ascomycota,Dothideomycetes,Capnodiales,Cladosporiaceae,Cladosporium,herbarum
ASV71,Fungi,Basidiomycota,Agaricomycetes,Cantharellales,Ceratobasidiaceae,Ceratobasidiaceae_gen_Incertae_sedis,NA
ASV72,Fungi,Ascomycota,Eurotiomycetes,Eurotiales,Aspergillaceae,Penicillium,austrosinicum
ASV74,Fungi,Ascomycota,Saccharomycetes,Saccharomycetales,Saccharomycetaceae,Saccharomyces,cerevisiae
ASV75,Fungi,Ascomycota,Sordariomycetes,Hypocreales,Nectriaceae,Fusarium,fujikuroi
ASV77,Fungi,Ascomycota,Dothideomycetes,Pleosporales,Pleosporaceae,Alternaria,subcucurbitae
ASV78,Fungi,Ascomycota,Eurotiomycetes,Eurotiales,Aspergillaceae,Penicillium,NA
ASV79,Fungi,Ascomycota,Sordariomycetes,Hypocreales,Hypocreaceae,Trichoderma,longibrachiatum
ASV83,Fungi,Ascomycota,Saccharomycetes,Saccharomycetales,Saccharomycetaceae,Ogataea,NA
ASV86,Fungi,Basidiomycota,Agaricomycetes,Cantharellales,Hydnaceae,Sistotrema,brinkmannii
ASV87,Fungi,Ascomycota,Saccharomycetes,Saccharomycetales,Phaffomycetaceae,Wickerhamomyces,anomalus
ASV88,Fungi,Ascomycota,Saccharomycetes,Saccharomycetales,Debaryomycetaceae,Debaryomyces,NA
ASV89,Fungi,Ascomycota,Sordariomycetes,Hypocreales,Nectriaceae,Fusarium,equiseti
ASV90,Fungi,Ascomycota,Saccharomycetes,Saccharomycetales,Phaffomycetaceae,Cyberlindnera,misumaiensis
ASV92,Fungi,Ascomycota,Sordariomycetes,Xylariales,Hypoxylaceae,Hypoxylon,pilgerianum
ASV94,Fungi,Ascomycota,Saccharomycetes,Saccharomycetales,Debaryomycetaceae,Debaryomyces,NA
ASV95,Fungi,Ascomycota,Sordariomycetes,Hypocreales,Nectriaceae,Fusarium,equiseti
ASV96,Fungi,Basidiomycota,Agaricomycetes,Russulales,Stereaceae,Stereum,complicatum
ASV97,Fungi,Ascomycota,Eurotiomycetes,Eurotiales,Aspergillaceae,Penicillium,brevicompactum
ASV98,Fungi,Basidiomycota,Agaricomycetes,Cantharellales,Hydnaceae,Sistotrema,brinkmannii
ASV99,Fungi,Basidiomycota,Agaricomycetes,Agaricales,NA,NA,NA
ASV100,Fungi,Basidiomycota,Agaricomycetes,Russulales,Stereaceae,Stereum,hirsutum
ASV102,Fungi,Basidiomycota,Agaricomycetes,Polyporales,Irpicaceae,Irpex,hydnoides
ASV103,Fungi,Ascomycota,Saccharomycetes,Saccharomycetales,Debaryomycetaceae,Debaryomyces,NA
ASV106,Fungi,Basidiomycota,Agaricomycetes,Cantharellales,Hydnaceae,Sistotrema,brinkmannii
ASV107,Fungi,Basidiomycota,Agaricomycetes,Cantharellales,Hydnaceae,Sistotrema,brinkmannii
ASV108,Fungi,Ascomycota,Eurotiomycetes,Eurotiales,Aspergillaceae,Aspergillus,NA
ASV110,Fungi,Ascomycota,Saccharomycetes,Saccharomycetales,Saccharomycetaceae,Saccharomyces,cerevisiae
ASV111,Fungi,Basidiomycota,Agaricomycetes,Cantharellales,Hydnaceae,Sistotrema,brinkmannii
ASV112,Fungi,Basidiomycota,Tremellomycetes,Filobasidiales,Piskurozymaceae,Solicoccozyma,aeria
ASV113,Fungi,Ascomycota,Sordariomycetes,Xylariales,Xylariaceae,Ascotricha,chartarum
ASV114,Fungi,Ascomycota,Sordariomycetes,Microascales,Microascaceae,Enterocarpus,grenotii
ASV115,Fungi,Ascomycota,Saccharomycetes,Saccharomycetales,Saccharomycetales_fam_Incertae_sedis,Candida,tropicalis
ASV116,Fungi,Ascomycota,Saccharomycetes,Saccharomycetales,Debaryomycetaceae,Debaryomyces,NA
ASV117,Fungi,Ascomycota,Saccharomycetes,Saccharomycetales,Debaryomycetaceae,Lodderomyces,elongisporus
ASV120,Fungi,Basidiomycota,Agaricomycetes,Cantharellales,Hydnaceae,Sistotrema,brinkmannii
ASV121,Fungi,Ascomycota,Sordariomycetes,Hypocreales,Hypocreales_fam_Incertae_sedis,Sarocladium,kiliense
ASV123,Fungi,Ascomycota,Dothideomycetes,Capnodiales,Cladosporiaceae,Cladosporium,herbarum
ASV124,Fungi,Ascomycota,Saccharomycetes,Saccharomycetales,Debaryomycetaceae,Debaryomyces,NA
ASV125,Fungi,Basidiomycota,Agaricomycetes,Cantharellales,Hydnaceae,Sistotrema,brinkmannii
ASV127,Fungi,Ascomycota,Eurotiomycetes,Eurotiales,Aspergillaceae,Aspergillus,versicolor
ASV129,Fungi,Ascomycota,Saccharomycetes,Saccharomycetales,Debaryomycetaceae,Debaryomyces,coudertii
ASV130,Fungi,Ascomycota,Saccharomycetes,Saccharomycetales,Debaryomycetaceae,Debaryomyces,NA
ASV131,Fungi,Ascomycota,Saccharomycetes,Saccharomycetales,Debaryomycetaceae,Debaryomyces,NA
ASV132,Fungi,Basidiomycota,Agaricomycetes,Russulales,Stereaceae,Stereum,NA
ASV133,Fungi,Ascomycota,Saccharomycetes,Saccharomycetales,Saccharomycetaceae,Saccharomyces,cerevisiae
ASV134,Fungi,Ascomycota,Saccharomycetes,Saccharomycetales,Debaryomycetaceae,Debaryomyces,NA
ASV135,Fungi,Ascomycota,Saccharomycetes,Saccharomycetales,Debaryomycetaceae,Debaryomyces,NA
ASV136,Fungi,Ascomycota,Saccharomycetes,Saccharomycetales,Debaryomycetaceae,Debaryomyces,coudertii
ASV137,Fungi,Mortierellomycota,Mortierellomycetes,Mortierellales,Mortierellaceae,Linnemannia,gamsii
ASV138,Fungi,Ascomycota,Saccharomycetes,Saccharomycetales,Saccharomycetales_fam_Incertae_sedis,Candida,tropicalis
ASV139,Fungi,Basidiomycota,Agaricomycetes,Agaricales,Lycoperdaceae,Lycoperdon,echinatum
ASV140,Fungi,Basidiomycota,Agaricomycetes,Russulales,Stereaceae,Stereum,NA
ASV141,Fungi,Ascomycota,Saccharomycetes,Saccharomycetales,Debaryomycetaceae,Debaryomyces,NA
ASV142,Fungi,Ascomycota,Saccharomycetes,Saccharomycetales,Debaryomycetaceae,Debaryomyces,NA
ASV143,Fungi,Ascomycota,Leotiomycetes,Helotiales,Sclerotiniaceae,Stromatinia,NA
ASV144,Fungi,Basidiomycota,Agaricomycetes,Russulales,Stereaceae,Stereum,NA
ASV145,Fungi,Basidiomycota,Agaricomycetes,Cantharellales,Hydnaceae,Sistotrema,brinkmannii
ASV146,Fungi,Basidiomycota,Agaricomycetes,Cantharellales,Hydnaceae,Sistotrema,brinkmannii
ASV147,Fungi,Ascomycota,Saccharomycetes,Saccharomycetales,Debaryomycetaceae,Debaryomyces,NA
ASV149,Fungi,Basidiomycota,Tremellomycetes,Filobasidiales,Filobasidiaceae,Naganishia,NA
ASV150,Fungi,Mortierellomycota,Mortierellomycetes,Mortierellales,Mortierellaceae,Linnemannia,gamsii
ASV151,Fungi,Basidiomycota,Agaricomycetes,Russulales,Stereaceae,Stereum,NA
ASV152,Fungi,Basidiomycota,Agaricomycetes,Russulales,Stereaceae,Stereum,complicatum
ASV153,Fungi,Basidiomycota,Agaricomycetes,Russulales,Stereaceae,Stereum,NA
ASV154,Fungi,Basidiomycota,Agaricomycetes,Russulales,Stereaceae,Stereum,NA
ASV155,Fungi,Basidiomycota,Agaricomycetes,Cantharellales,Hydnaceae,Sistotrema,brinkmannii
ASV156,Fungi,Basidiomycota,Agaricomycetes,Cantharellales,Hydnaceae,Sistotrema,brinkmannii
ASV157,Fungi,Ascomycota,Saccharomycetes,Saccharomycetales,Debaryomycetaceae,Debaryomyces,NA
ASV158,Fungi,Ascomycota,Saccharomycetes,Saccharomycetales,Debaryomycetaceae,Debaryomyces,NA
ASV159,Fungi,Ascomycota,Saccharomycetes,Saccharomycetales,Debaryomycetaceae,Debaryomyces,NA
ASV160,Fungi,Ascomycota,Saccharomycetes,Saccharomycetales,Debaryomycetaceae,Debaryomyces,NA
ASV162,Fungi,Ascomycota,Saccharomycetes,Saccharomycetales,Debaryomycetaceae,Debaryomyces,NA
ASV163,Fungi,Ascomycota,Saccharomycetes,Saccharomycetales,Debaryomycetaceae,Debaryomyces,coudertii
ASV164,Fungi,Ascomycota,Saccharomycetes,Saccharomycetales,Debaryomycetaceae,Debaryomyces,NA
ASV165,Fungi,Ascomycota,Saccharomycetes,Saccharomycetales,Debaryomycetaceae,Debaryomyces,NA
ASV166,Fungi,Ascomycota,Saccharomycetes,Saccharomycetales,Debaryomycetaceae,Debaryomyces,NA
ASV167,Fungi,Ascomycota,Saccharomycetes,Saccharomycetales,Phaffomycetaceae,Cyberlindnera,culbertsonii
ASV168,Fungi,Basidiomycota,Agaricomycetes,Russulales,Stereaceae,Stereum,NA
ASV169,Fungi,Ascomycota,Eurotiomycetes,Eurotiales,Aspergillaceae,Penicillium,citrinum
ASV171,Fungi,Basidiomycota,Agaricomycetes,Cantharellales,Hydnaceae,Sistotrema,brinkmannii
ASV172,Fungi,Basidiomycota,Agaricomycetes,Cantharellales,Hydnaceae,Sistotrema,brinkmannii
ASV173,Fungi,Ascomycota,Saccharomycetes,Saccharomycetales,Debaryomycetaceae,Debaryomyces,NA
ASV174,Fungi,Ascomycota,Saccharomycetes,Saccharomycetales,Debaryomycetaceae,Debaryomyces,NA
ASV175,Fungi,Ascomycota,Saccharomycetes,Saccharomycetales,Debaryomycetaceae,Debaryomyces,NA
ASV176,Fungi,Ascomycota,Saccharomycetes,Saccharomycetales,Saccharomycetaceae,Saccharomyces,cerevisiae
ASV177,Fungi,Ascomycota,Eurotiomycetes,Eurotiales,Aspergillaceae,Aspergillus,versicolor
ASV178,Fungi,Basidiomycota,Agaricomycetes,Russulales,Stereaceae,Stereum,NA
ASV179,Fungi,Ascomycota,Sordariomycetes,Hypocreales,Nectriaceae,Fusarium,equiseti
ASV181,Fungi,Basidiomycota,Agaricomycetes,Cantharellales,Hydnaceae,Sistotrema,brinkmannii
ASV182,Fungi,Basidiomycota,Agaricomycetes,Cantharellales,Hydnaceae,Sistotrema,brinkmannii
ASV183,Fungi,Basidiomycota,Agaricomycetes,Cantharellales,Hydnaceae,Sistotrema,brinkmannii
ASV184,Fungi,Ascomycota,Saccharomycetes,Saccharomycetales,Debaryomycetaceae,Debaryomyces,NA
ASV185,Fungi,Basidiomycota,Agaricomycetes,Cantharellales,Hydnaceae,Sistotrema,brinkmannii
ASV186,Fungi,Ascomycota,Saccharomycetes,Saccharomycetales,Debaryomycetaceae,Debaryomyces,NA
ASV187,Fungi,Basidiomycota,Agaricomycetes,Russulales,Stereaceae,Stereum,complicatum
ASV188,Fungi,Basidiomycota,Agaricomycetes,Russulales,Stereaceae,Stereum,NA
ASV189,Fungi,Basidiomycota,Agaricomycetes,Russulales,Stereaceae,Stereum,hirsutum
ASV190,Fungi,Basidiomycota,Agaricomycetes,Cantharellales,Hydnaceae,Sistotrema,brinkmannii
ASV191,Fungi,Basidiomycota,Agaricomycetes,Cantharellales,Hydnaceae,Sistotrema,brinkmannii
ASV192,Fungi,Basidiomycota,Agaricomycetes,Cantharellales,Hydnaceae,Sistotrema,brinkmannii
ASV193,Fungi,Ascomycota,Saccharomycetes,Saccharomycetales,Debaryomycetaceae,Debaryomyces,NA
ASV194,Fungi,Ascomycota,Saccharomycetes,Saccharomycetales,Debaryomycetaceae,Debaryomyces,NA
ASV195,Fungi,Ascomycota,Saccharomycetes,Saccharomycetales,Debaryomycetaceae,Debaryomyces,NA
ASV196,Fungi,Ascomycota,Saccharomycetes,Saccharomycetales,Debaryomycetaceae,Debaryomyces,NA
ASV197,Fungi,Ascomycota,Saccharomycetes,Saccharomycetales,Debaryomycetaceae,Debaryomyces,NA
ASV198,Fungi,Ascomycota,Saccharomycetes,Saccharomycetales,Debaryomycetaceae,Debaryomyces,NA
ASV199,Fungi,Ascomycota,Sordariomycetes,Sordariales,Chaetomiaceae,Botryotrichum,atrogriseum
ASV200,Fungi,Ascomycota,Saccharomycetes,Saccharomycetales,Debaryomycetaceae,Lodderomyces,elongisporus
ASV201,Fungi,Ascomycota,Saccharomycetes,Saccharomycetales,Saccharomycetales_fam_Incertae_sedis,Candida,tropicalis
ASV202,Fungi,Basidiomycota,Agaricomycetes,Russulales,Stereaceae,Stereum,NA
ASV203,Fungi,Basidiomycota,Agaricomycetes,Russulales,Stereaceae,Stereum,NA
ASV206,Fungi,Basidiomycota,Agaricomycetes,Cantharellales,Hydnaceae,Sistotrema,brinkmannii
ASV207,Fungi,Basidiomycota,Agaricomycetes,Cantharellales,Hydnaceae,Sistotrema,brinkmannii
ASV208,Fungi,Basidiomycota,Agaricomycetes,Cantharellales,Hydnaceae,Sistotrema,brinkmannii
ASV209,Fungi,Ascomycota,Saccharomycetes,Saccharomycetales,Debaryomycetaceae,Debaryomyces,NA
ASV210,Fungi,Ascomycota,Saccharomycetes,Saccharomycetales,Debaryomycetaceae,Debaryomyces,NA
ASV211,Fungi,Ascomycota,Saccharomycetes,Saccharomycetales,Debaryomycetaceae,Debaryomyces,coudertii
ASV212,Fungi,Basidiomycota,Agaricomycetes,Russulales,Stereaceae,Stereum,NA
ASV213,Fungi,Basidiomycota,Agaricomycetes,Russulales,Stereaceae,Stereum,complicatum
ASV214,Fungi,Basidiomycota,Agaricomycetes,Cantharellales,Hydnaceae,Sistotrema,brinkmannii
ASV215,Fungi,Basidiomycota,Agaricomycetes,Cantharellales,Hydnaceae,Sistotrema,brinkmannii
ASV216,Fungi,Ascomycota,Saccharomycetes,Saccharomycetales,Debaryomycetaceae,Debaryomyces,NA
ASV217,Fungi,Ascomycota,Saccharomycetes,Saccharomycetales,Debaryomycetaceae,Debaryomyces,NA
ASV218,Fungi,Ascomycota,Saccharomycetes,Saccharomycetales,Debaryomycetaceae,Debaryomyces,NA
ASV219,Fungi,Mortierellomycota,Mortierellomycetes,Mortierellales,Mortierellaceae,Mortierella,yunnanensis
ASV220,Fungi,Ascomycota,Sordariomycetes,Hypocreales,Hypocreales_fam_Incertae_sedis,Acremonium,sordidulum
ASV221,Fungi,Mortierellomycota,Mortierellomycetes,Mortierellales,Mortierellaceae,Linnemannia,NA
ASV222,Fungi,Ascomycota,Dothideomycetes,Capnodiales,Cladosporiaceae,Cladosporium,basi-inflatum
ASV223,Fungi,Basidiomycota,Agaricomycetes,Agaricales,Psathyrellaceae,Coprinellus,ovatus
ASV224,Fungi,Basidiomycota,Agaricomycetes,Russulales,Stereaceae,Stereum,hirsutum
ASV225,Fungi,Basidiomycota,Agaricomycetes,Russulales,Stereaceae,Stereum,NA
ASV227,Fungi,Basidiomycota,Agaricomycetes,Cantharellales,Hydnaceae,Sistotrema,brinkmannii
ASV228,Fungi,Basidiomycota,Agaricomycetes,Cantharellales,Hydnaceae,Sistotrema,brinkmannii
ASV229,Fungi,Ascomycota,Saccharomycetes,Saccharomycetales,Debaryomycetaceae,Debaryomyces,NA
ASV230,Fungi,Basidiomycota,Agaricomycetes,Russulales,Stereaceae,Stereum,complicatum
ASV231,Fungi,Basidiomycota,Agaricomycetes,Russulales,Stereaceae,Stereum,hirsutum
ASV232,Fungi,Basidiomycota,Agaricomycetes,Russulales,Stereaceae,Stereum,complicatum
ASV234,Fungi,Basidiomycota,Agaricomycetes,Cantharellales,Hydnaceae,Sistotrema,brinkmannii
ASV235,Fungi,Ascomycota,Saccharomycetes,Saccharomycetales,Debaryomycetaceae,Debaryomyces,NA
ASV236,Fungi,Ascomycota,Saccharomycetes,Saccharomycetales,Saccharomycetales_fam_Incertae_sedis,Candida,tropicalis
ASV237,Fungi,Basidiomycota,Agaricomycetes,Russulales,Stereaceae,Stereum,NA
ASV238,Fungi,Basidiomycota,Agaricomycetes,Geastrales,Geastraceae,Geastrum,triplex
ASV239,Fungi,Ascomycota,Leotiomycetes,Thelebolales,Thelebolaceae,Thelebolaceae_gen_Incertae_sedis,NA
ASV240,Fungi,Basidiomycota,Agaricomycetes,Cantharellales,Hydnaceae,Sistotrema,brinkmannii
ASV241,Fungi,Ascomycota,Saccharomycetes,Saccharomycetales,Saccharomycetales_fam_Incertae_sedis,Candida,tropicalis
ASV242,Fungi,Ascomycota,Sordariomycetes,Hypocreales,Nectriaceae,Thelonectria,olida
ASV244,Fungi,Mortierellomycota,Mortierellomycetes,Mortierellales,Mortierellaceae,Linnemannia,NA
ASV245,Fungi,Ascomycota,Sordariomycetes,Hypocreales,Bionectriaceae,Clonostachys,rosea
ASV247,Fungi,Mortierellomycota,Mortierellomycetes,Mortierellales,Mortierellaceae,Podila,minutissima
ASV248,Fungi,Basidiomycota,Agaricomycetes,Cantharellales,Hydnaceae,Sistotrema,brinkmannii
ASV249,Fungi,Ascomycota,Saccharomycetes,Saccharomycetales,Debaryomycetaceae,Debaryomyces,NA
ASV250,Fungi,Ascomycota,Saccharomycetes,Saccharomycetales,Saccharomycetales_fam_Incertae_sedis,Candida,tropicalis
ASV251,Fungi,Basidiomycota,Agaricomycetes,Russulales,Stereaceae,Stereum,complicatum
ASV252,Fungi,Basidiomycota,Agaricomycetes,Russulales,Stereaceae,Stereum,complicatum
ASV254,Fungi,Ascomycota,Sordariomycetes,Hypocreales,Nectriaceae,Fusarium,NA
ASV255,Fungi,Ascomycota,Sordariomycetes,Hypocreales,Bionectriaceae,Clonostachys,NA
ASV256,Fungi,Ascomycota,Saccharomycetes,Saccharomycetales,Saccharomycetales_fam_Incertae_sedis,Candida,tropicalis
ASV257,Fungi,Ascomycota,Sordariomycetes,Sordariales,Chaetomiaceae,Botryotrichum,NA
ASV258,Fungi,Basidiomycota,Agaricomycetes,Cantharellales,Hydnaceae,Sistotrema,brinkmannii
ASV259,Fungi,Ascomycota,Sordariomycetes,Microascales,Halosphaeriaceae,Halosarpheia,NA
ASV260,Fungi,Ascomycota,Sordariomycetes,Hypocreales,Nectriaceae,Fusarium,tricinctum
ASV262,Fungi,Mortierellomycota,Mortierellomycetes,Mortierellales,Mortierellaceae,Mortierella,NA
ASV263,Fungi,Basidiomycota,Agaricomycetes,Cantharellales,Hydnaceae,Sistotrema,oblongisporum
ASV264,Fungi,Ascomycota,Dothideomycetes,Pleosporales,Sporormiaceae,Preussia,terricola
ASV267,Fungi,Mucoromycota,Mucoromycetes,Mucorales,Mucoraceae,Mucor,racemosus
ASV268,Fungi,Ascomycota,NA,NA,NA,NA,NA
ASV271,Fungi,Basidiomycota,Tremellomycetes,Cystofilobasidiales,Mrakiaceae,Tausonia,pullulans
ASV272,Fungi,Ascomycota,Pezizomycetes,Pezizales,Pezizaceae,Peziza,NA
ASV273,Fungi,Ascomycota,Pezizomycetes,Pezizales,Pyronemataceae,Tricharina,ochroleuca
ASV274,Fungi,Ascomycota,Sordariomycetes,Sordariales,Chaetomiaceae,NA,NA
ASV275,Fungi,Ascomycota,Leotiomycetes,Helotiales,Helotiaceae,Tetracladium,marchalianum
ASV276,Fungi,Basidiomycota,Agaricomycetes,Cantharellales,Hydnaceae,Sistotrema,brinkmannii
ASV277,Fungi,Ascomycota,Leotiomycetes,Helotiales,Sclerotiniaceae,Botrytis,caroliniana
ASV278,Fungi,Ascomycota,Sordariomycetes,Hypocreales,Nectriaceae,Fusicolla,septimanifiniscientiae
ASV279,Fungi,Basidiomycota,Malasseziomycetes,Malasseziales,Malasseziaceae,Malassezia,restricta
ASV280,Fungi,Basidiomycota,Agaricomycetes,Agaricales,Agaricaceae,Melanophyllum,NA
ASV281,Fungi,Basidiomycota,Microbotryomycetes,Sporidiobolales,Sporidiobolaceae,Rhodosporidiobolus,ruineniae
ASV283,Fungi,Ascomycota,Eurotiomycetes,Eurotiales,Aspergillaceae,Aspergillus,ruber
ASV284,Fungi,Basidiomycota,Agaricomycetes,Cantharellales,Hydnaceae,Sistotrema,brinkmannii
ASV285,Fungi,Mortierellomycota,Mortierellomycetes,Mortierellales,Mortierellaceae,Linnemannia,gamsii
ASV286,Fungi,Mortierellomycota,Mortierellomycetes,Mortierellales,Mortierellales_fam_Incertae_sedis,Mortierellales_gen_Incertae_sedis,NA
ASV289,Fungi,Mortierellomycota,Mortierellomycetes,Mortierellales,Mortierellaceae,Mortierella,capitata
ASV290,Fungi,Mortierellomycota,Mortierellomycetes,Mortierellales,Mortierellaceae,Linnemannia,gamsii
ASV291,Fungi,Basidiomycota,Tremellomycetes,Filobasidiales,Filobasidiaceae,Filobasidium,chernovii
ASV293,Fungi,Ascomycota,Leotiomycetes,Helotiales,Hyaloscyphaceae,Hyaloscypha,NA
ASV294,Fungi,Ascomycota,Leotiomycetes,Thelebolales,Pseudeurotiaceae,Pseudogymnoascus,appendiculatus
ASV295,Fungi,Basidiomycota,Agaricomycetes,Cantharellales,Ceratobasidiaceae,Thanatephorus,NA
ASV296,Fungi,Basidiomycota,Tremellomycetes,Filobasidiales,Filobasidiaceae,Naganishia,NA
ASV297,Fungi,Ascomycota,Orbiliomycetes,Orbiliales,Orbiliales_fam_Incertae_sedis,Orbiliales_gen_Incertae_sedis,NA
ASV300,Fungi,Ascomycota,Sordariomycetes,Hypocreales,Nectriaceae,Thelonectria,blackeriella
ASV302,Fungi,Ascomycota,Sordariomycetes,Hypocreales,Nectriaceae,Fusarium,equiseti
ASV303,Fungi,Mortierellomycota,Mortierellomycetes,Mortierellales,Mortierellaceae,Linnemannia,gamsii
ASV305,Fungi,Basidiomycota,Agaricomycetes,Agaricales,Agaricaceae,NA,NA
ASV306,Fungi,Basidiomycota,Cystobasidiomycetes,Sakaguchiales,Sakaguchiaceae,Sakaguchia,lamellibrachiae
ASV316,Fungi,Ascomycota,Orbiliomycetes,Orbiliales,Orbiliaceae,Brachyphoris,oviparasitica
ASV320,Fungi,Basidiomycota,Agaricomycetes,Trechisporales,Hydnodontaceae,NA,NA
ASV321,Fungi,Ascomycota,Dothideomycetes,Pleosporales,Phaeosphaeriaceae,Jeremyomyces,labinae
ASV322,Fungi,Ascomycota,Leotiomycetes,Helotiales,Sclerotiniaceae,Botrytis,caroliniana
ASV323,Fungi,Ascomycota,Dothideomycetes,Capnodiales,Cladosporiaceae,Cladosporium,basi-inflatum
ASV324,Fungi,Ascomycota,Dothideomycetes,Pleosporales,Lophiostomataceae,Vaginatispora,NA
ASV329,Fungi,Ascomycota,Dothideomycetes,Pleosporales,Sporormiaceae,Chaetopreussia,NA
ASV330,Fungi,Ascomycota,Leotiomycetes,Helotiales,Helotiaceae,Helotiaceae_gen_Incertae_sedis,NA
ASV331,Fungi,Ascomycota,Sordariomycetes,Hypocreales,Nectriaceae,NA,NA
ASV333,Fungi,Ascomycota,Sordariomycetes,Hypocreales,Nectriaceae,Fusarium,NA
ASV335,Fungi,Ascomycota,Dothideomycetes,Capnodiales,Cladosporiaceae,Cladosporium,basi-inflatum
ASV336,Fungi,Ascomycota,Sordariomycetes,Hypocreales,Nectriaceae,Fusarium,NA
ASV339,Fungi,Basidiomycota,Agaricomycetes,Cantharellales,Hydnaceae,Sistotrema,brinkmannii
ASV340,Fungi,Basidiomycota,Agaricomycetes,Cantharellales,Hydnaceae,Sistotrema,brinkmannii
ASV341,Fungi,Basidiomycota,Agaricomycetes,Cantharellales,Hydnaceae,Sistotrema,brinkmannii
ASV342,Fungi,Basidiomycota,Agaricomycetes,Cantharellales,Hydnaceae,Sistotrema,brinkmannii
ASV343,Fungi,Basidiomycota,Agaricomycetes,Cantharellales,Hydnaceae,Sistotrema,brinkmannii
ASV344,Fungi,Basidiomycota,Agaricomycetes,Agaricales,NA,NA,NA
ASV345,Fungi,Ascomycota,Dothideomycetes,Capnodiales,Cladosporiaceae,Cladosporium,basi-inflatum
ASV346,Fungi,Ascomycota,Sordariomycetes,Hypocreales,Nectriaceae,Fusarium,NA
ASV347,Fungi,Basidiomycota,Tremellomycetes,Filobasidiales,Filobasidiaceae,Naganishia,diffluens
ASV348,Fungi,Mortierellomycota,Mortierellomycetes,Mortierellales,Mortierellaceae,Linnemannia,gamsii
ASV349,Fungi,Mortierellomycota,Mortierellomycetes,Mortierellales,Mortierellaceae,Linnemannia,NA
ASV352,Fungi,Ascomycota,Sordariomycetes,Hypocreales,Nectriaceae,Fusarium,NA
